metric,value
sample_count,2064.0
pearson_corr,0.7088089703892928
spearman_corr,0.6991180083206033
sign_agreement,0.7669573643410853
